TransactionID,CustomerID,TransactionDate,TransactionType,Amount,AccountType,Branch
TXN001,CUST1001,2025-07-01,Deposit,10000,Savings,Mumbai
TXN002,CUST1002,2025-07-02,Withdrawal,2500,Checking,Delhi
TXN003,CUST1001,2025-07-02,Deposit,7500,Savings,Mumbai
TXN004,CUST1003,2025-07-03,Deposit,4000,Savings,Chennai
TXN005,CUST1004,2025-07-04,Withdrawal,1200,Checking,Delhi
TXN006,CUST1002,2025-07-04,Deposit,10000,Checking,Delhi
TXN007,CUST1005,2025-07-05,Deposit,9000,Savings,Mumbai
TXN008,CUST1003,2025-07-06,Withdrawal,2000,Savings,Chennai
