BookingID,CustomerID,CarID,BookingStart,BookingEnd,PickupLocation,DropLocation,PaymentAmount
B001,CUST101,CAR01,2025-07-10 08:00,2025-07-10 11:00,Bangalore,Bangalore,1200
B002,CUST102,CAR02,2025-07-10 12:00,2025-07-10 18:00,Mumbai,Mumbai,1500
B003,CUST103,CAR03,2025-07-11 09:00,2025-07-11 13:00,Delhi,Delhi,1300
B004,CUST101,CAR01,2025-07-12 14:00,2025-07-12 18:00,Bangalore,Bangalore,1250
B005,CUST104,CAR02,2025-07-13 10:00,2025-07-13 13:00,Hyderabad,Hyderabad,1400
B006,CUST105,CAR04,2025-07-14 16:00,2025-07-14 18:30,Pune,Pune,1600
